091139	1993apr5	823	ability	absence	advance	allow	allowing	allows	already	alternatives	amount	appreciate	arguing	attribute	avoiding	behaviors	beings	believed	biblical	blue	bolsters	braunschweig	catholic	causing	choice	choices	choose	clearly	coming	completely	conceivable	conscious	consistent	contradiction	contradictions	creating	creatures	credibility	deeds	definitional	definitions	deletion	describes	description	destroys	determination	disagree	easily	emergence	error	especially	events	extend	fair	fall	fantasy	fiction	fixed	follows	foot	game	games	gives	greater	happen	harm	holy	imagine	implemented	imply	independently	indicates	interested	james	jbrown	jehovah	knowing	leads	left	letting	logically	loving	lucifer	mouth	nevertheless	obeying	object	occur	omni	omnipotent	omniscient	ordinarily	outcome	pet	pink	play	playing	possibility	premise	presence	prevented	prohibits	restrains	scenario	self	sentences	shows	sin	specifically	speculating	speculation	sweeping	taking	technical	terms	tims	truly	ubiquitous	unfortunately	ungodliness	unicorns	unipolar	unresolvable	usual	visit	whose	witnesses	wondered	worship
3553	408	428	births	centigram	communications	continues	corp	crap	creates	creation	cut	gaea	hausmann	home	image	jose	kids	maddi	madhaus	netcom	pinnacle	professionally	putting	road	san	sexism	started	thanks	top	woman
believing	blashephemers	damnation	hell	jsn104	penn	prepared	psu	psuvm
21	41	734068710	85721	apparent	arizona	arizvms	az	baarnie	bell	bitnet	ccit	chris	chrisb	consistency	dept	fines	hold	holding	innocents	james	lacking	lead	lippard	local	philosophy	private	punish	sa	skyblu	software	suppose	tafe	tucson	vax	vms	vnews
1993apr6	37	5691	ability	absolute	absurd	absurdities	accepted	agnostic	agnosticism	apples	austin	auteur	become	becomes	bertrand	blind	cnsvax	consideration	distinguish	empirical	epigraph	epistemological	equals	existing	expand	exploration	flying	folks	french	frightened	gene	gmiller	happy	harbor	intend	invisible	jerry	knowing	lack	lacking	learn	learning	lewis	merit	miller	monolithic	nor	nye	nyeda	org	patently	philosopher	philosophers	pink	plus	possibly	proof	radical	reliable	russell	secondary	socrates	sound	suffer	theologians	unicorns	uwec	welbon	whoever	wishes	worldbank	worry	zazen
25	arromdee	believing	benefits	burdens	carries	determine	discuss	experienced	experiencing	former	fully	gained	happens	ideal	impossible	jhu	judged	jyusenkyou	ken	meant	merits	odd	originated	parallel	parallelism	personally	persons	phrase	poor	poster	psycholgical	psychological	racism	racist	speak	stealth	suits	understood	usage	warrants
115300	142854	1993apr1	1993apr2	1p8v1ainn9e9	51	794	803	8m2	angel	angels	authority	bcash	begin	beings	big	bnr	bothered	bow	brian	bskendig	c4twso	cash	celebrate	commanded	confused	contradictary	contradictions	crchh410	creating	creation	davis	desire	devoted	dominion	entered	entity	equal	error	exalted	forgot	fruit	gave	genesis	glorify	goes	greater	greatness	high	highest	hold	hq	ileaf	implying	jbrown	jehovah	jw	kendig	kicked	knowing	ksu	legs	lucifer	matt	motivations	mukesh	netcom	nodomain	nosubdomain	oh	omniscient	orthodox	paradise	pointing	powers	prasad	presumably	pride	refused	respond	self	sin	snake	special	standard	states	steve	stories	story	strat	supernatural	theologies	theology	thereby	tricking	visit	wanted	wherefores	whys	within	witness	witnesses	yeah
081052	11292	1993apr3	1pkqe2inn54n	20th	60	72	_plausible_	addition	admit	adultery	adults	ancient	assertion	australia	break	business	century	cfaehl	chris	cite	climbing	committed	confident	confusing	consequently	contributions	convince	correlation	creates	deleted	depression	destabilization	detect	divorce	drawing	environment	especially	expect	experience	extra	factor	factors	faehl	family	favorite	field	foisting	forgotten	former	furthermore	gather	generalities	generality	generally	gradual	greater	gross	grow	harmful	helps	imo	incorporate	latter	leads	level	levels	likelihood	linked	links	lynx	main	mainly	marital	marriage	melb	mine	moment	monu6	none	notice	nutshell	obesity	occurrence	otherwise	outside	oversimplification	pain	particularly	partnerships	percentage	personally	pick	plausible	ponder	pre	prime	probable	promiscuity	proposal	propose	proven	provide	psychological	pull	push	rates	referred	relationships	request	researching	revolution	rise	rituals	run	sexual	significant	similarly	simplistic	societies	spouse	stable	stage	steadily	stressful	subsequent	suffer	sweeping	teachings	thesis	towards	trauma	trend	trends	turn	unm	usa	vesta	viewpoint	weakening	within	witness	witnessed	yours	yourself	youth
115288	_reject_	activities	alink	alone	anecdote	bureau	cheers	committed	cookamunga	crime	forgiving	front	inimitable	ksand	leaving	left	legal	normal	notion	perfectly	precise	private	proper	regard	rejection	status	sufficient	tourist	witnesses
121134	12187	1993apr14	5gb	63	_applicability_	_enforcible_	_knowledgeable_	_law_	alone	anarchist	anecdote	anyhow	applicable	applied	applies	becomes	borrowed	boston	britain	brought	c5c7cn	carried	clarification	common	compulsory	constituted	constitutes	countries	court	criminal	deal	decide	defence	department	despite	disagree	due	enforced	equally	executed	expounded	fatwa	foregoing	founded	fully	hadd	hands	head	hence	illegitimate	imam	individuals	inimitable	islamically	itd	jurisdiction	khan	khomeini	lands	legitimacy	library	limb	looks	machinery	meant	mil	monu6	moreover	myself	navy	notice	nrl	offender	particularly	passage	passed	physics	posted	precisely	prescribed	previous	price	process	punish	putting	ra	regarding	scholars	self	sentence	shoud	strictly	territories	ulama	umar	understanding	understood	unless	useful	usual	viewpoint	wherever	wow
27	41	734064380	85721	apply	arizona	arizvms	az	baarnie	bell	bitnet	ccit	chris	chrisb	comments	construction	dept	designates	identity	individual	invalid	james	jbrown	jehovah	lippard	local	logically	philosophy	pointed	predicate	sa	second	skyblu	software	syllogism	syllogisms	tafe	tucson	vax	visit	vms	vnews	witnesses	yours
01	22	afford	allowed	cambridge	camp	camps	citizens	concentration	constitution	consultants	couldn	devastation	died	disease	dreamt	during	ethnic	exterminated	fair	final	gassed	gassing	generally	goering	groups	happened	holocost	ii	immediate	imprison	insert	intended	japanese	killed	malnutrition	method	minority	mutilated	nazis	originally	painless	partly	prepared	recieved	round	run	rusnews	short	soem	solution	standards	step	stick	total	trial	unusual	v1	weren
32	afterwards	agnostics	allen	alternating	alyosha	amusing	bake	below	brothers	calls	chip	chirps	click	closet	coming	contained	determine	dostoevsky	dwyer	ended	equality	forgot	geek	guy	hausmann	higher	hmmmm	honest	huge	iii	include	karamazov	killfile	mad	maddi	mcl	memory	names	newsgroup	nice	polite	pop	recognize	rude	sentence	shell	shoulder	signs	sound	stack	stronger	swear	theist	third	timmbake	timmons	ucsb	useful	warning	whirr	whirrr	wholesome
14	1582	734882394	account	ann	answers	author	carnegie	comes	coward	dead	door	email	key	love	mailing	mellon	miller	minute	nanci	next	nm0w	pa	pairs	pittsburgh	quiz	school	send	sponsored	theist
bee	behaviour	chance	chimps	cooperative	dance	developed	died	entire	entirely	evolve	evolves	failed	huh	left	naturally	ones	organism	proclaim
132813	16343	1993apr14	activities	alink	allowed	anyhow	apparent	banks	bureau	cheers	cookamunga	corruption	economical	economy	greed	handle	imho	interest	intested	invention	ksand	large	marriage	monu6	operation	operatives	ops	premature	private	scale	slavery	small	stand	success	survive	systems	today	tourist	working	zero
1ql06qinn2kf	66	abstinence	access	america	ancient	animal	anybody	arise	beer	cochran	code	community	conduct	contradictions	control	countless	denver	dept	describe	destructive	detail	developed	dies	difficult	disclaimer	distinction	dominate	drive	du	earlier	effectively	ensure	ethical	ethics	examples	figurative	foot	function	groups	herds	highlighted	homosexual	homosexuality	horses	huh	ideas	impregnate	justified	kcochran	killed	kingdom	lack	lives	mates	math	mating	member	mimic	monagamous	morals	needs	neither	neutral	nor	noted	nyx	ok	pizza	pointing	posts	practices	propogate	propogation	public	reexamined	relationship	responsibility	road	run	serves	shoot	side	specifically	stallion	stating	success	survival	survive	systems	tautology	thrive	tsakc	unix	users	wait	ways	wild	worst
24	70	access	alone	australia	aware	backs	behalf	betrayal	bissda	bissell	bombs	brisbane	built	clark	convinced	crazy	crucifixion	dan	deleted	detect	diting	divinely	dollars	doubtful	drawn	driving	dying	ednclark	elsewhere	embassies	entire	examples	fanatics	fantasies	fictional	fit	follows	fool	fulfil	fulfilled	fulfilling	gathered	genghis	godhood	griffith	gu	happens	heal	healed	hearing	hint	hitler	holy	hrs	ie	inspired	isaiah	itc	jeff	jeffrey	jones	keepers	kept	keywords	khan	kraken	lawrence	leader	lie	lied	lies	loads	lunatic	lunatics	lying	mention	messiah	millions	modern	moment	moslem	mussolini	napoleon	nazi	next	niether	nostradamus	observer	observers	oppression	organisation	piece	possibilities	possibility	possibly	prophecies	psalms	public	raving	reagan	rebel	recommend	reconsider	rediculous	riddles	roman	ronald	seeing	selective	self	severely	soldiers	spend	strap	stuff	techniques	thousand	thousands	throwing	triad	twisted	unbiased	unconvincing	wasn	write	wwii	year
115290	21864	2bcc892b	31	boston	brett	bvickers	capable	cares	completely	contrary	decides	department	depends	excusable	excuse	fatwa	fear	honest	ics	inexcusable	inimitable	iran	issued	khomeini	learned	nor	persecution	physics	reasoning	relevant	required	respect	scholar	seeing	share	shouldn	sufficiently	thinks	uci	versed	vickers
21	american	asimov	association	become	chance	comes	dana	dmn	full	funeral	funniest	gateway	greatest	hampshire	head	hear	heaven	highly	honorary	humanist	humanists	humorist	ignited	isaac	kepler	kings	kurt	laughter	lecture	living	mail	novels	philosophers	possibly	recommend	room	speak	speaking	stood	succeeded	unh	until	uproarious	utexas	vonnegut	yesterday
arrived	ass	austria	clearly	distinguish	examples	gave	german	hitler	imperail	lead	orders	pevasive	pompous	population	ranks	reference	semitism
1ql6jiinn5df	afternoon	anne	ass	avail	beaverton	blew	bob	bronx	clearly	exhibit	knew	looked	manhattan	pompous	queens	reference	repeating	sank	sea	small	sounds	stay	tektronix	waste	weren
01	29	_the	apparently	assembled	bathroom	become	bustingly	cambridge	campus	cared	careful	church	colon	consultants	copy	defend	director	dmn	doors	enraged	entitled	flyer	friendly	funny	gut	hall	hampshire	heard	included	inside	kepler	kings	luck	matters	mental	mention	mincer	neighbourhood	newsletter	next	none	offensive	ordered	originals	outrageously	parody	paste	philosophers	poses	preacher	ras	recently	resisted	responses	run	rusnews	school	screaming	scroll	separation	solicits	somewhere	soul	soul_	sounds	spirituality	stall	stool	subgenius	supporter	unh	until	v1	vague	violating	wipe
1990	1qi156innf9n	38	accepting	acooper	adam	arts	athena	august	bedfellow	behind	bob	bothered	brings	bruno	cheers	claws	college	computing	cooper	counting	curious	damnedest	degree	deluge	depressing	digress	em	faces	fall	familiar	february	feed	goes	gotten	graham	greener	heard	incompetent	infamous	inquiring	internet	keeps	laughed	leave	lists	longer	love	mac	macalester	macalstr	mailing	matthews	minds	mit	months	newsgroup	newsgroups	pastures	posters	postings	rec	recently	recognize	regards	regularly	respect	sailed	school	semi	senator	services	site	startrek	stay	stores	sympathy	tcbruno	terminal	threads	tm	tom	top	toughto	track	tried	unfounded	unlimited	verily	wasn	weaklings	willl	wow
1pq47tinn8lp	67	accepted	already	americans	assumption	bedfellow	bobs	braunschweig	car	clarification	commonly	con	concept	debate	deletion	drives	driving	establishing	faqs	follows	game	ground	implying	incomplete	indubitable	interestingly	kierkegaard	language	latter	level	maintain	meaningful	merely	mit	observation	observations	observtions	phrase	pointless	positive	premises	pro	refering	regards	reject	replace	requires	senator	singleton	source	space	technical	term	thnext	until	usual	usually	waste
1pi8h5innq40	_includes_	accidental	achieve	admit	admittedly	appeal	approximation	arabia	arbitary	arbitrary	asking	assembly	assertion	assuming	authors	beautiful	brain	capital	circular	claimed	classic	coma	complete	completely	concepts	confusion	cost	current	dead	deal	deception	declaration	defines	dept	difference	eactly	easier	especially	euphemisms	execution	fail	fiction	fine	finished	fundamental	gold	golden	golen	government	guaranteed	happiness	horribly	immoral	implementation	implemented	implies	inalienable	include	independence	inefficient	infant	intentional	inviolate	jump	killer	killers	kind	kuweit	leads	legal	liberty	lie	line	madison	manner	matters	mccullou	mccullough	morals	murderer	noone	objectively	oft	oooh	personal	pillar	prc	presented	process	programmer	propogation	proving	purchased	pursuit	quoted	reality	reasoning	recursive	recursiveness	reference	remove	requires	responded	restricted	rights	saudi	save	sciences	semantics	serial	shall	similarly	snake2	societal	somewhere	sounds	started	stated	states	suggesting	survival	switch	targets	trimmed	turn	unto	usa	valuable	victim	violates	violation	welcome	whit	whos	wisc	wisconsin	within
26	94305	_religion_	absurdity	accurate	americans	attention	believing	biblical	ca	carolyn	cfairman	chuckle	cleaned	contradictions	curious	dsg	egyptians	face	fairman	gets	heck	help	interesting	isp	jean	joslin	leland	lists	mayan	mythology	myths	native	nose	pay	paying	pitt	places	pogo	serve	signifigantly	silliness	snort	special	spend	stanford	tells	tolerant	usa
21	22	23	24	25	38	abort	abortion	alive	alternate	alternative	ancient	appeared	applies	appoint	appropriate	arizona	asking	birth	born	bruise	burn	ccit	child	commentaries	contamination	decide	demand	dies	doctrine	ee02	embarrassment	engr	exodus	expecting	explanation	eye	fetus	fight	fine	fined	foot	halted	historical	husband	imply	injured	injury	interpretation	interprets	james	jew	jimmy	judges	latech	lex	lifer	lippard	local	louisiana	medical	miscarriage	miscarry	mischief	nuclear	pay	pl8	premature	pro	procedure	process	ray	reference	reject	shall	skyblu	spontaneously	straightforward	strike	struggle	supported	surely	surprising	taken	talionis	tech	tin	tooth	translation	truly	understanding	veiled	verses	wife	woman	wound
1qjahh	2000	38	accuracy	agreed	although	ap	applicable	believes	c5j718	change	commonly	concerning	d012s658	dcs	dwyer	ed	equate	experience	fully	horus	interpretation	interpretations	jzv	kelly	lang	lpzsml	mchp	mechanics	modeling	mrs	newtonian	normally	nott	nottingham	observations	patterns	perceptions	physic	predictions	process	proposer	qualitative	quantitative	quantum	recognition	refer	reinterpretation	result	round	scientific	shack	shank	slack	slang	slick	sling	slink	sni	steve	thank	thick	tk	tommy	underlaying	unicorn	uucp	wish
153552	1993apr3	1l4	1pint5	4334	acooper	aesthetic	although	analysis	antisemitism	asd	bigots	blanketing	country	debate	discriminate	dislike	european	explanation	expressing	fido	grounds	hardly	hide	hitler	intriguing	job	luther	mac	macalstr	poor	racial	remarks	reputation	semitic	turn	wagnmer	worst
1qjfnv	27	activities	alink	ap	borderline	bureau	change	cheers	christmas	communist	cookamunga	country	d012s658	direct	during	dwyer	eh	et	fanatics	gave	grand	hero	horus	huh	insights	kids	ksand	lenin	mapping	mchp	merely	movement	notion	ogt	pleasant	presents	private	relative	robertson	russia	saver	scale	sni	somehow	somewhat	super	superhuman	supernatural	term	tilton	tourist	typical	unbelievers	uucp	wasn	working	worship	worshipping
47	7s1	aboard	abord	admit	alot	answered	anybody	bcash	blind	bnr	bother	brian	c5hiew	capability	cash	comes	con	constructing	crchh410	daily	dave	dfuller	direct	dont	explained	factually	falls	figure	followed	followers	fools	fuller	happy	headed	hello	hq	ideal	large	leave	level	liked	member	nodomain	nosubdomain	notice	participant	peachy	portal	possibility	postings	posts	pro	respond	responses	section	seeing	spouted	started	supported	today	turn	upset	videocart	wasn	welcome	willing	win
0930	1993apr12	20143	21	213633	33	36	9051467f	93	9454	__o	americans	brat	brazilian	compaq	corp	desert	disease	ed	edm	europe	eventually	fair	fight	happen	happened	introduced	laughter	levels	mccreary	message	million	oher	pen	reached	tao	tdb	tekig7	together	tribes	twisto	unisa	various	victims
13	chance	chaos	chimp	chimps	dictating	enclose	groups	instinctive	lead	marks	ones	quotation	random	surely	undesired	unwritten
50	70	administer	advantage	advocate	alive	answered	apply	approve	aside	avoid	bastard	capital	chair	cited	closely	committed	compassion	concept	concern	concerned	cost	criminal	dead	deserved	deserves	desires	device	died	due	electronic	entire	especially	execution	fair	fairness	favor	forced	forgiveness	golden	happiness	hot	imiprisonment	implanted	imprision	imprisonment	instead	irrelevant	judge	jurisprudence	kills	lengths	liberty	local	main	majority	merits	minimum	minority	murderer	pathetic	petty	portion	possibility	prison	punished	realizing	reasonability	recently	released	removed	required	revenge	sacred	segment	served	shared	shortcomings	shouldn	situation	sole	somehow	sound	stating	supporting	sympathy	talk	televised	topic	turn	undo	victim	views	violated	violating	watch	wrongs
1qlettinn8oi	93	ability	acts	alternatives	arbitarily	arbitrarily	arbitrary	attaching	aware	awareness	bahavior	bahaviour	beginnings	beings	blind	child	commenting	disregard	distinctions	dolphin	drawn	examples	exhibit	force	gorilla	happy	higher	imitated	imply	instinctive	instincts	intelligent	killings	line	listen	loop	machines	mating	mechanism	memory	mimicry	mimics	morally	murdering	nor	organism	parrot	platypus	polly	possibility	posters	prepared	prevent	primates	pulchritude	related	replying	responsible	ritual	round	self	sentence	short	sigh	significance	significant	slayings	small	starting	term	theirs	voluntary	weren	whatnot	wonder
1qi83b	1qinmd	1qjipo	48	ap	asd	attacking	behind	believers	blanket	bomb	british	catholic	catholics	church	civil	civilians	claimed	contradiction	country	d012s658	detail	dichotomy	difficult	divide	dwyer	ec4	face	fault	fido	glory	greater	grotesque	historical	horus	ignore	imply	insanity	insofaras	interpretation	invoked	ira	irish	issues	killings	longer	mchp	misguided	motivate	motivated	motive	obvious	occupation	paragraph	partition	partitioned	patriotism	pen	plants	populated	poster	precisely	protestant	protestants	quotes	rate	religiously	religously	replying	revenge	rewrite	rights	roots	seeming	sides	sni	soldiers	south	sp	spelled	stand	supposedly	terrorist	tricky	uucp	warrington
1466	734160929	a137490	aario	anybody	atom	atoms	centre	comprised	computing	contradict	contradiction	countries	disclaimer	eros	explained	explode	favorite	female	lehtori	measure	minds	outer	personal	plan	proves	proving	rarely	sami	sfnet	space	stupid	sunlight	tampere	tut	wait
26	accor	acooper	adam	alternative	apply	assign	claws	college	cooper	core	drawn	evolved	expresses	face	fellow	figure	getting	higher	idle	ie	inherent	intrinsically	laughed	mac	macalester	macalstr	majority	measuring	minority	motivation	myself	periphery	population	postings	qualitatively	ridiculous	selfish	selfishness	somewhere	speculate	stance	stick	theistic	typical	verily	ways	weaklings	wonder
1576	1qj9gq	2000	310	36	3rd	734879396	agreed	alexia	ap	billion	champaign	circular	class	clinton	cuts	d012s658	debate	deficits	defining	dollar	dwyer	horrible	horus	illinois	lis	mac	mchp	mg7	michael	middle	mike	okay	orbit	pay	programs	raise	setup	sni	spending	starts	subjective	sun	switch	taxes	unknown	urbana	uucp	won
1950	226	50	_congressional	abolished	abortion	abortions	access	account	accurate	actively	additional	advocate	advocated	agreed	allowed	although	amendment	analogy	answers	anthem	applicable	applied	appreciate	asked	ass	assertion	assuming	attempt	attributed	awfully	banishment	basically	believed	benefit	besides	biased	blocking	bother	branched	buildings	burning	chance	change	changed	claimed	clearly	clinics	communism	comparing	complete	concerned	concerning	conducting	confident	conflict	confronting	congress	consequences	consideration	constitutional	contintue	contrary	contrasted	conveniently	convictions	convince	convinced	cost	costing	costs	country	court	courts	create	currency	currently	daresay	debate	decisions	default	deleted	designed	desire	despise	dies	digression	disgust	disregarding	dissenting	distinction	dozen	due	during	earthers	easily	easy	effective	einstein	entire	error	especially	evidently	expense	expressed	external	extra	facts	failed	faiths	fanatics	farm	favor	finding	flag	flat	flowers	forced	francis	frenzy	fundamentalists	gag	gays	gear	germans	glad	godless	gone	groundless	half	happen	happened	harassed	harassment	help	hindu	ignore	ignored	ignoring	imagine	imply	impression	inappropriate	include	included	including	incurred	individually	informal	insignificant	intended	intense	intent	interesting	issues	judge	justice	justified	key	large	leads	line	lloyd	loss	lost	machine	machines	main	majority	managed	margin	meant	mention	message	met	method	minor	minute	missed	money	moselem	mottos	mushroom	mushrooms	mvs104	nazis	neither	next	none	noted	objectivity	obvious	offensive	ones	oppress	oppressed	outlaw	outlawed	paid	participate	passed	pay	pillage	pizza	planted	plates	pointed	pompous	popular	portion	posted	powers	prediction	present	presented	prime	printing	probability	prohibiting	propoganda	propogandized	provide	psu	psuvm	public	purposes	queried	quotes	rape	realize	realm	record	records_	redesign	redone	reference	refers	regret	relativity	removal	remove	removed	removing	representations	required	result	rights	rolled	room	scientists	scott	scrutiny	shared	shoudl	shown	signs	silly	slaughtered	slight	small	somehow	somewhere	sooo	speak	specific	stop	supported	suppose	supreme	surely	surrounding	survey	taken	takes	talk	testify	th3	thinks	tolerate	trees	tried	trusts	unbiased	unless	ussr	usually	views	violated	vote	vs	wanted	whip	winner	works	worthy	wwii	year	yep
1993apr5	5730	agreed	angels	articles	b64635	challenges	dpw	freewill	include	posed	request	reserve	respond	sei	snm6394	student	tells	within	wood
130	141112	15018	1993apr19	1st	325	4th	50	56	acquaintace	acquaintance	adda	approximately	author	authors	autographs	bibles	century	church	collection	complete	copies	copy	crap	cutting	date	dates	dating	discovered	documents	earlier	earliest	early	eczcaw	fathers	hi	identified	ie	james	jbrown	lately	leaders	letter	letters	lost	luke	manuscripts	meant	mid	middle	mips	nott	oldest	originate	origins	parts	paul	period	peter	piece	probable	quoted	reconstructed	regards	scholars	scraps	scriptures	second	shortly	sometime	starting	stated	string	surviving	syllable	testament	theist	third	thousands	throughout	today	unfortunately	various	wainwright	within	works	writings
175557	1993apr14	20296	23	_very_	atlantic	backwards	bears	bigoted	came	cheese	child	coming	daffy	effect	extremely	florida	head	held	homestate	impression	insult	killers	left	liberal	mccullou	mccullough	middle	minnesota	minnestoa	neighbor	neighbors	nj	ny	obvious	pa	politics	pooh	progressive	provences	recent	relationship	reputation	serial	served	silly	snake2	solely	states	stood	stuck	summer	texas	tianity	translated	trip	until	views	wisc	wisconsin
00	103237	11	127	1993apr2	1lf8	24wg	44	4627	49	accuse	alert	allowed	amongst	astound	austin	buddy	c4qav2	c51cjp	cadence	cares	comments	complains	continue	contract	contracts	contrary	contribute	convenience	date	decide	display	dos	enter	entering	except	eyes	facts	fantasies	fantasise	glad	handbook	happens	ignorance	imam	indonesian	karner	khan	knowles	krakatoa	kupajava	learn	legal	level	loophole	lover	lying	mailer	marriage	marriages	mas	masud	merely	miss	move	names	needs	nobody	official	okay	open	outlawed	p00261	penetration	performed	practice	practise	practised	pseudo	psilink	records	references	repost	scruples	showing	speak	straight	takes	temporary	topic	tue	typically	utilizing	widespread	willing	witness	woman
135650	1993apr15	28926	35	american	amnesty	andrews	application	applied	born	boston	british	broadly	capitalist	central	citizen	citizens	citizenship	compare	countries	country	daughter	department	ec	eg	examples	exemplary	fairly	full	german	govt	immigration	inevitable	inimitable	interesting	international	iran	lack	norman	nrp	obtain	parentage	particularly	paterson	physics	pointed	propaganda	purposes	require	respect	rights	secular	sentence	several	st	supports	talk	third	vacua	virtue	vote	whose
232	24	6529	703	72	__	_______	age	alone	apart	beginning	believers	bet	betrayal	bissda	bissell	blacksburg	box	boxes	carried	century	charlatans	church	churches	civilization	commitment	copperfield	crazies	crazy	credible	crucifixion	csugrad	dan	department	dept	dies	discrete	doc	doubtful	drawn	drums	dying	eh	elsewhere	entire	everywhere	external	flamed	flaws	followed	follows	fool	formal	fulfilled	future	gathered	grifters	guitar	hardly	heal	healed	healer	hearing	hehehe	helping	hey	hitler	hrs	imagine	inspires	involove	involve	isaiah	kept	kevin	keywords	khomeini	lack	lawrence	liars	lie	lifting	lives	loads	loved	lunatic	marshall	mathematics	megalomaniacs	mercilessly	messiah	moment	mussolini	nations	next	niether	nixon	otherwise	ourselves	papa	persevere	playing	plenty	plus	poor	prophecies	psalms	psychopaths	qadaffi	rediculous	risk	rubbish	runs	rush	sacrafice	sake	save	seeing	sets	sp	sports	stalin	supporting	takes	tech	television	tendency	throughout	tojo	tome	total	tuff	turn	tv	units	va	virginia	vt	wasn	week	weight	witnessed	write
115565	1qi3l5	31	asd	bank	bbci	bcci	believed	bet	cheat	childish	community	con	couldn	depositors	elsewhere	fido	folks	grow	interest	islamically	jkj	money	motivated	naive	nasty	next	open	operated	operation	operators	owned	owners	pointed	possibly	practice	propagandist	ripped	running	ruthless	savings	small	steal	street	turned	upsets	utopia	weren	wonderful
1qkq9t	2000	23	66n	absurd	ap	assert	assumption	base	candidate	complain	condition	contrary	d012s658	deprived	dwyer	highly	horus	mchp	messiah	objectively	personal	raining	rainy	realise	represents	sni	subjective	utterly	uucp	valuable	volition	wild
1qlfd4inn935	26	b64635	broken	chance	chaos	chimp	chimps	cleveland	dictating	enclose	except	groups	havn	honor	instinctive	lead	marks	ohio	ones	promises	quotation	random	redefine	refered	reserve	shown	student	surely	undesired	unwritten	usa
35	40	66015	actual	ancients	ans	argued	believer	braunschweig	charlie	choose	cookies	cynics	dating	deletion	dfn	discounted	discredited	dismiss	elaborate	eng	eu	europa	extraordinary	filtering	foundation	gospel	gospels	gtefsd	hardly	howland	interpret	invisible	ipus	length	looks	match	mcsun	metaphysical	mimsy	passed	period	pink	relationship	reston	resurrection	risen	second	speaker	spook	standards	stories	strict	technical	third	tubsibr	unicorns	uunet	zillions
answered	asking	ass	multiple	nope	pompous	posed	rarely
64	affairs	affiars	alone	amount	angels	apart	argued	attraction	b64635	bed	bil	blue	business	c4vyfu	charged	comrade	concept	conner	consequence	consequences	contradiction	conversation	cube	darkside	dating	degree	determine	determining	disagree	disproof	distance	effect	electro	experimental	eyebrow	factors	fanciful	five	force	freewill	fussr	gospel	greater	headed	including	incongruency	individual	inserting	inversely	irrelevent	irrelvent	jeans	jj6	judge	leapard	leotard	level	levels	lived	lover	magnetic	male	meaningless	miriad	needs	owns	pairs	particles	pointed	possibly	proportional	proposition	raise	relevent	require	reserve	room	self	snm6394	states	strength	student	suits	tells	theorizing	united	uoknor	wear	wild
24	734841689	agency	ages	allowing	arrangement	bcash	bet	billions	bnr	brian	brought	bud	cash	chance	cooperative	crchh410	csugrad	destroy	healta	healy	helios	house	impression	individual	job	kevin	marshall	millions	nodomain	nosubdomain	oh	ron	seriously	suffering	supercede	twice	usq	vt	wishes	working	yeah
023044	19580	1993apr5	203	44	49	523296	525714	7al	arrived	asked	assured	authority	became	believer	below	betcha	big	cheers	clippingdale	compare	contradict	contradiction	contradictory	coventry	cv4	damn	dcs	department	england	explained	extract	fax	file	flick	followups	generated	gets	guy	high	hilarious	homos	inevitably	infinite	islamically	keeping	love	mmmmm	mom	navy	nin	oh	pbuh	pearls	pile	plus	policy	posts	present	priceless	proves	proving	purposes	quality	quantity	quran	raised	rarely	relates	reproduce	rigorous	searching	sig	simon	snm6394	speed	study	stuff	tatoos	tel	thread	virile	voice	wait	warwick	welcome	wisdom	works
23	acts	alternatives	arbitarily	bahavior	beings	disregard	emphasis	happy	immoral	instinctive	intelligence	intelligent	listen	mimics	organism	possibility	theirs	weaker
apart	apply	attempt	comes	definitions	depends	falls	implemented	mr	predictably
100	65	absolute	accident	acquire	acquired	activity	admit	alternative	although	american	behaviour	biblical	bil	biology	carries	chemistry	clearly	commands	condemned	conditioned	conduct	confusing	conner	consequence	consistent	constant	content	couple	coupled	criticizing	describe	determnined	difference	direction	disclaimer	divnity	dsinc	due	egalitarian	electrical	emotional	emphasizes	ennumerated	entirely	environment	establish	evolve	excluded	exclusively	existing	experience	facto	forces	foreigner	founded	goood	gradation	grounds	happy	heroes	hill	illusion	images	implemented	imputed	include	individual	inherent	intellectual	intelligence	invoke	join	judge	judgement	judging	jure	kindness	landscape	legal	measured	mental	motivate	naturalistic	nervous	object	objection	objections	observation	otherwise	participate	personal	physical	physics	pl6	possibly	pre	preaches	prefaced	preferred	processes	produce	products	purposes	random	rape	reaction	reality	recourse	reliogious	required	requiring	reside	rise	running	ruth	serve	significance	significant	specifically	standard	story	strange	stranger	strikes	subjective	systems	teaching	thread	tin	told	training	understood	unix	users	virtual	water	weight	whatsoever	wherein	whom	widespread	xenophobia	yourself
1993apr13	213055	818	ahhh	antioc	antioch	autotheism	bcash	beleive	believing	belong	bnr	brian	cash	crchh410	invention	nodomain	nosubdomain	smauldin	stopped
26	academic	appeal	apply	australian	baarnie	bell	chris	chrisb	comments	construction	excellent	incorrect	invalid	jbrown	jehovah	logically	network	poster	pretentions	regional	research	sa	south	student	successful	syllogism	tafe	visit	witnesses	year	yours
biblical	cannanite	college	excuse	healta	healy	ignorance	info	modern	palestinians	philistines	tribe	walla
117	_assumption_	_him_	_is_	_positive_	accepted	admits	afix	agnostic	agnosticism	alien	alyosha	amusing	analogy	anarchists	angry	answered	anytime	apologize	apology	appeared	apples	apply	arrogance	arrogant	assumption	atrocious	attack	attitude	bake	baptist	believed	big	blame	boast	boasted	brothers	btw	capture	cheap	clearly	clipper	closed	common	concept	condescending	conquered	consistency	contradict	couldn	credibility	cross	crow	crows	default	deity	doctors	documentation	dostoevsky	early	elves	equal	era	european	extermination	faiths	fasion	final	fist	flag	flamage	flawed	forget	forms	funny	hammer	happened	happens	hasn	hate	haveing	hearing	higher	hypothesises	ideas	iii	imply	incorrect	indicate	inflammatory	instance	iron	irrational	justify	karamazov	khan	killed	lack	large	lately	line	logically	love	loved	managed	mass	mccullou	mcl	memory	millions	mix	mongols	myself	namely	negative	newbie	nowhere	numbers	occam	occurred	ol	oranges	originally	paranoia	past	photo	pink	plausible	plenty	population	present	pretend	previous	principle	project	proven	rational	razor	referring	refuse	refutation	rejection	remarks	reread	ruins	ruled	rulers	saw	seemed	seeped	shots	sick	sickle	sleeves	soft	sometimes	soon	sorts	speak	stalin	stands	stated	stating	stronger	subjective	supporting	suppossed	sway	teachers	technically	theism	theist	threw	timmbake	timmons	turn	ucsb	unappreciated	unicorns	unique	unsympathetic	useful	versus	wasn	wave	went	whipple	wholesome	widely	win	wisc	worshipped	wrought
19	academic	australian	baarnie	bell	chris	chrisb	classes	concept	consistency	error	executed	higher	innocents	james	killed	lacking	maintaining	massive	mistake	murderers	network	occasional	p00168	pretentions	prison	psilink	punish	regional	research	resources	risk	sa	south	space	tafe	tims	type	unjust	waste
200	66020	70s	80s	accepted	accuracy	accurately	admittedly	age	ages	agreed	allow	alone	analogy	analysis	assumed	assuming	authencity	authentic	authors	becomes	big	braunschweig	ce	century	change	churches	claiming	closes	codified	compare	conclusions	content	copies	copy	counterargument	date	dating	disciple	discussed	divinity	dogmas	drawn	earlier	early	epistles	events	existing	explanation	fall	firm	fits	geneologies	generally	generation	german	getting	gives	gospel	gospels	granted	grateful	grating	heard	hence	ie	illiterate	impressed	improving	inconsistencies	independently	info	instance	knew	language	late	leads	letter	letters	logia	looks	luke	material	matt	meeting	mimsy	motive	mouth	newsletter	overwhelming	participants	particularly	party	paul	pet	peter	pointed	pointing	possibilities	possibly	predate	predating	presenting	probable	putting	quit	reference	referred	relationship	relied	relying	removed	reporters	reporting	reports	respective	section	shed	similarity	societies	source	statistical	step	straight	style	supposed	survival	technical	texts	theology	together	tradition	trusted	unfortunately	usual	usually	weaknesses	writing	yep
151843	15240	1993apr6	27	_not_	angels	athiesm	b64635	become	calls	clarify	contradiction	contrary	decide	essential	freewill	ignorance	knowingly	leave	members	monu6	mr	muslin	outwardly	principles	profess	reserve	sit	snm6394	stories	straight	student	suddenly	suffering	teachings	tells	temporary	transgresses	usually	zlumber
114127	_must_	acts	anecdote	attack	attempting	basic	become	born	committing	contradicts	direct	explicitly	incorrect	mohammad	mr	odds	petty	phenomenon	principle	principles	psychology	reject	sarcasm	temporarily	testify
1400	18	1950	47	advanced	ap	apply	approached	assassination	attempt	becomes	bone	boys	bred	brownbladerunnersugarcubeselectronicblaylockpowersspikeleekatebushhamcornpizza	brush	butt	catholic	cells	century	chair	chamber	choir	chort	clive	college	community	cover	crl	data	deer	disappearance	doctor	dominance	dr	dublin	earned	emerges	engineered	enlightenment	experiment	experiments	extraneous	eye	fancy	fighting	fluke	foreskin	genetic	geneticist	geoffm	gillow	groundshaking	hat	head	headpiece	heads	hefting	herd	home	ie	ii	innermost	inseminating	inspired	james	kilograms	laboratories	late	leader	leary	locked	male	marrow	maths	michael	mid	misconception	misfits	moloney	moorcockpratchettdenislearydelasoulu2iainmbanksneworderheathersbatmanpjorourke	mud	nearly	newswire	next02cville	nmsu	noted	notes	padded	past	paul	pmoloney	pope	popehat	privilege	public	quick	rats	realize	replace	replacement	report	retract	returning	revealed	reveals	scientific	scientifically	secretly	sixties	skull	small	somewhere	source	spur	started	stilgar	studied	tcd	timothy	tissue	tm	top	transplant	transplanting	transplants	trinity	twentieth	undercover	unusual	vatican	victor	vietnam	wam	west	wheel	white	wire	working	workings	yaks
000	110	155057	1993apr2	200	808	ability	abiliy	accumulate	acne	adam	adapt	adapting	addition	admit	adversely	affecting	age	ago	ahead	although	americans	ann	apart	arbor	assumed	aware	babies	bacteria	bacterial	become	billion	biologists	biology	bone	brought	bubonic	building	built	bunch	carefully	causing	chance	changing	charge	choice	choose	code	collective	combination	complex	concerning	condition	consistent	constant	couldn	create	creating	creationism	curious	cut	damage	deep	degeneration	degrading	deletions	delving	descendents	design	died	disagree	disease	diseases	disorders	dna	doctor	dominion	effect	efficient	elmer	engin	engineer	engineering	envionment	errors	estimates	eve	evolutionary	evolutionism	evolve	evolving	explanation	fall	familiar	feat	fellowship	fight	flaw	forces	forgive	forsook	fossil	fossils	gather	genetic	genetically	getting	gift	glean	glue	gum	harmful	heck	held	help	hence	hosts	humanity	hundred	imho	immune	imperfect	improve	inbuilt	incapable	inception	indicates	indirectly	infection	inferior	ingles	inidcates	instructions	intervention	intimate	jbrown	job	killer	knowing	lack	latest	lethal	longer	main	maintain	masterpiece	materials	michigan	microlife	minute	mostly	mutable	mystical	nah	nastier	nasty	nearby	newborns	nitpicks	novel	offset	partly	past	percentage	phrase	plague	planning	poor	pops	prepared	presently	produced	protection	protein	puzzle	ramifications	random	ranks	ray	reasonably	reasonalby	remove	responsible	ridden	sanitation	scenario	selection	severe	shows	sidetracked	signs	simpler	sin	sincerely	size	small	started	strongly	study	suffer	suffering	summary	supernatural	survivability	survivors	susceptible	symptoms	syndicoot	systems	tend	tended	tends	terminology	theological	today	together	uh	umich	umm	unlikely	variants	viral	viruses	vs	wait	wants	wrappers	writing
21	ann	arbitrary	arguing	brooksby	buddhist	cambridge	causes	deaths	definitely	epistemology	harlequin	harlqn	horrible	internet	janet	led	ltd	measure	miller	nanci	nm0w	phoenix	principle	result	resulted	richard	rptb1	snm6394	somone	thread	underlying	utilitarian	validity	viewpoint	wars	zen
54	66014	acheived	admittedly	agreed	allows	analogous	available	bogus	braunschweig	charitable	concept	conceptualization	contradictive	described	descriptive	determined	effect	elaborate	engagement	essentially	establish	experience	experiments	falsified	fancy	flourish	hassles	holds	impressed	inconsistent	inept	inexact	intellectual	language	lead	madness	mathematical	mathematics	meaningless	mechanics	metaphysical	metaphysics	mimsy	models	namely	nor	objectivist	obtains	opposed	ordinary	particularly	perspective	phenomena	posts	presented	qm	qualify	quantum	rational	relativity	reliability	reliable	replace	representation	representations	respectively	results	revelation	risk	rough	showing	side	situation	supposed	supposedly	takes	technical	terminology	terms	understanding	unless	useless	uses	verified	yeah
1pigidinnsot	29	actions	analogy	april	b64635	blame	burden	cage	clinicaly	control	eg	frame	greater	guilt	insane	instictive	left	love	mauled	mom	navy	pcb	predominately	proper	providing	rape	rapist	relates	reserve	responsible	snm6394	solely	student	surely	tatoos	thrown	tiger	virile
28	abolishment	ago	angels	attempted	b64635	biblical	bil	biology	c4w5pv	chemistry	confusing	conner	constant	contains	couple	darkside	describe	determnined	direction	divinity	divnity	eliminate	elimination	exclusively	existance	fallacies	five	freewill	jxd	months	mortals	nor	omniscience	physics	posted	posts	processes	random	rape	recourse	refute	required	requires	reserve	respond	shown	snm6394	student	tells	thread	understood	uoknor	whom
48	93apr6024902	account	application	april	b64635	belongs	car	equal	extract	girl	heikki	imply	incorrect	jehovah	language	left	logically	love	mathematically	mercedes	mom	navy	object	oulu	premis	relates	reserve	second	snm6394	stekt6	strickly	student	subset	suopanki	taking	tatoos	virile	visit	witnesses	works
081052	11292	16ba6c947	1993apr3	21	addition	ancient	australia	chris	cons	deletion	environment	faehl	grow	helps	homosexuality	homosexuals	lasting	marriage	melb	monu6	norm	outside	partnerships	personally	pros	provide	research	rituals	secure	stable	viewpoint
1200	1300	1400	1993apr4	200253	208	21409	7th	_in	_my_	_not_	_reading_	_us_	_you_	_your_	_yourself_	abolished	absurd	access	accumulate	advice	advised	advocating	allowed	already	anic	answered	anybody	apostate	approaches	arab	arguing	asking	assumption	asu	australia	author	authors	automatically	backwards	bare	baseless	beer	bernard	biased	blame	boils	bottle	british	capital	capitalism	capitalist	century	changed	check	checked	child	civil	claimed	clarify	clearly	comment	commerce	communicate	completely	conceal	concerning	concrete	concubine	concubines	conquering	contains	contradicts	contrary	conveniently	conviction	convinced	copy	countries	crap	cultures	cut	dates	deduce	deeds	deficient	demonstrate	derived	devour	directly	disappeared	discouraged	discredit	distinguishes	documentary	documents	drink	drinking	driven	due	earlier	early	eas	easily	economic	economically	education	edward	effect	effects	email	emperialists	empire	encyclopaedic	ennews	enuxha	era	eventually	excellent	existing	experience	extent	extra	facts	fail	failed	feudal	forefront	foremost	freed	function	general_	getting	gives	giving	government	guncer	hadith	hadiths	half	health	heathen	help	historical	home	ideas	ideology	idiot	ignorance	ignoring	imho	imposed	incident	incidents	increase	industrial	industry	instead	institution	issues	judge	judging	knowledgeable	label	lack	large	largely	leaders	left	level	lewis	liberation	library	lowest	marital	market	marriage	master	maximise	melb	mentions	merely	middle	miserable	misery	misrepresent	misrepresentations	missing	modeled	motive	motives	muhammed	nobody	notion	numerous	obey	objectively	objectivity	ones	open	opposed	opposition	orientalism	ottoman	overlook	paradigm	particularly	parts	perform	places	points	polemics	politically	poor	postings	posts	postulate	powerful	practice	pregnant	presented	preservation	pretend	prior	proceeds	procreation	produce	prohibits	promote	purposes	pyramid	quo	quran	race	raised	reality_	regarding	relevance	repeat	reports	repost	reposted	respect	reverse	revolution	rewards	rightfully	rise	sadly	saw	sciences	second	section	secularist	selim	services	sexual	shifts	showing	shown	shows	significant	simple	site	situation	slave	slavery	slaves	slow	soc	socio	solution	somehow	spoken	stage	stance	standpoint	stated	statistics	status	statuses	stopped	straight	structure	subordination	subtle	sunnah	survive	taking	teaches	teachings	telling	tensions	terms	thesis	till	title	traders	treatment	trust	truths	unable	uncomprimising	understandable	understanding	unsuccesful	unthinking	urging	utopia	verses	viewpoint	views	volumes	wealth	woman	wonder	writer	writings	year	yourself	zionist
43	512	7447	8637	891	928	9637	_enforcement_	_in	_little_	_may_	_necessarily_	additional	admin	agreement	allowed	austin	authorities	big	bind	bone	bounds	bounty	chosen	coincide	comes	comments	common	concept	conflict	congruent	consequences	contention	contractual	control	deal	decide	dew	dewey	difference	duties	enforce	enforcement	finally	fulfillment	giving	gotten	government	governments	groups	hardware	henize	hold	impose	inimitable	law_	legal	legally	level	limit	maintain	majority	member	minimum	mot	motorola	onus	optional	outside	pager	past	picking	posts	regards	require	requirement	requirements	requires	responsible	risc	rtfm	secular	separate	similiarly	sps	sys	term	theocracy	thread	tune	tx	unaccepted	unwanted	useful	ways	west	westerners	within
1qi83b	23	absolute	absolutes	ap	basinger	braunschweig	capitalism	cars	christ	cites	coincidence	command	commit	correlated	cross	d012s658	deletion	democracy	describe	died	dieing	dwyer	dying	ec4	fanatism	fast	gibson	horus	imagine	irrational	ist	kids	kim	living	lord	mchp	mel	mom	money	motivation	night	nonsense	patriotism	pools	pure	savior	simple	sins	sni	standards	strongly	swimming	technical	theism	uucp
020504	19326	1993apr5	23	allow	andrews	association	claiming	clothes	concrete	decide	face	fun	giving	hindparts	interpret	limit	marks	minute	norman	nrp	paterson	presume	quotation	snm6394	st	suggest	unknowable	wait
amount	brothers	closed	energy	grief	jehovah	lous	lousy	marv	pray	sod	spent	strife	syllogism	tove	visit	volumes	witnesses
13892	1993mar31	1pic4linnrau	230523	blaze	capital	changes	circumstances	dawn	fido	frequently	hardly	jhu	koff	mps	objection	occurred	odin	ohio	olivea	painless	personal	sgigate	sleep	unusual	uunet	wupost	zaphod
00	07	39	46	93	applicable	approach	argued	articles	begin	bloody	challenges	change	claimed	continue	contradiction	criticism	cropping	dave	disproof	disproven	dpw	electronic	engineering	entry	facts	fallacies	finish	flat	forgotten	goose	ignore	included	incongruenties	kept	leave	lie	makings	message	next	ones	paper	pleased	posted	recently	related	repeated	sauce	sei	sequitur	sequiturs	shown	software	speaking	stance	theist	thread	trail	turned	usual	validity	week	wood
1ql8mdinn674	33	allowed	already	b64635	broken	clean	constituted	constitution	court	dictionary	fathers	firing	forbidden	founding	hanging	honor	imagine	implied	intent	looked	meanings	meant	painful	physically	picked	promises	psychologicall	refer	reserve	silent	slowing	spent	squad	started	strangled	student	sufficient	supreme	thread	unusual	whose	wording
38	apart	aside	athiesm	athiests	authors	boot	clayton	consistent	contradict	crosses	deity	deluded	document	dr	dream	duller	escaped	forester	guide	happy	hatred	hell	honestly	idols	ilk	illiterate	interesting	invented	judgements	keeps	kid	lead	looks	mad	masses	middle	minute	multiple	needs	newsgroup	next	oh	ones	penn	pick	plausable	poisoned	poorer	psu	psuvm	quality	repeatedly	robots	roman	rome	scientist	sec108	seriously	silly	snap	son	standing	streetcorner	symbols	talks	tear	telling	tells	texts	thumpers	tidbit	track	unlike	wanted	wine	write	xtian	xtianity	xtians
1804	33	anglican	ann	australia	bibles	brand	brisbane	catholic	changed	clark	compared	comparison	comparisons	complaint	congenial	convince	copies	copying	corrupted	current	damn	discrepencies	edited	ednclark	favorite	fellow	four	garbage	genesis	getting	gospels	greek	griffith	gu	headings	hebrew	hold	honestly	hot	inspired	interpreting	itc	james	jeff	jeffrey	jw	kraken	library	literal	literally	local	manner	merit	millennia	miller	minded	mormon	nanci	originally	orthodox	pains	quotes	satanic	scribes	shouldn	shows	space	suprising	tongue	translations	translators	tripe	unrecognisable	utter	versions	witness	write
100	7s1	activities	alink	blind	bother	bureau	c5hiew	cheers	constructive	contributors	cookamunga	dave	dfuller	direct	discuss	eons	explained	factually	followed	fuller	glad	hey	hq	ideal	interesting	issues	ksand	member	mental	newsgroup	portal	postings	private	resources	serious	spare	supported	tourist	upset	videocart	wasn	win
02	0500	22	23	2942949719	55	affairs	although	analogy	ann	civil	concerning	consideration	contradictory	countered	country	creates	current	date	descriptive	doctrine	effectively	essence	fit	former	fri	held	helps	holds	illustrate	inherent	interfere	interference	interfering	internal	intervene	inviolate	jbrown	knowles	leaders	limited	mess	militarily	military	miller	misunderstanding	nanci	nations	nm0w	nuclear	omnipotence	omnipotent	p00261	philosophy	policy	powerful	psilink	regards	scenario	self	speculations	states	straighten	strongly	suppose	technically	uncreate	unilaterally	united	useless	violate	violated	violating	wanted	yugoslavia	yugoslavian
124216	1993apr5	43	4374	accor	acooper	actions	admittedly	alternative	america	american	anybodys	apply	assign	belt	bother	business	combinations	common	core	crutch	decide	dept	determine	diversity	drawn	emphasis	ends	evolved	expresses	extreemists	face	fall	fascinating	fellow	fringes	fun	guide	higher	idic	idle	ie	inferior	infinite	inflation	inherent	instead	intrinsically	inviolate	justification	large	mac	macalstr	madison	majority	mccullou	mccullough	measuring	minority	modes	motivation	north	organizations	periphery	persons	population	qualitatively	rationalizations	sciences	selfish	selfishness	shift	slight	snake2	soda	somewhere	speculate	stance	stick	suffer	tend	theistic	trap	typical	watch	week	weekends	whom	wisc	wisconsin	wonder
095220	1992	1993apr3	215	24632	90650	___	_believe_	_evidence_	_precise_	_should_	_want_	ability	accumulate	adapt	adaptation	admit	adverse	adversely	advice	affect	affecting	age	ago	al	alone	although	amount	ancestry	ancient	answering	antibodies	appears	assertion	atkins	atmosphere	attended	attendent	babies	bacteria	bacterial	baltimore	become	began	beginning	behind	besides	big	biggest	billion	biochemistry	biologists	biology	bookstore	bound	capable	causing	cell	cells	change	chemistry	china	choices	chooses	cite	claimed	code	coding	combination	comment	common	complex	compton	concerning	conclusions	consequences	conserved	cosmic	cosmological	create	creation	creationism	creator	cries	criterion	cut	damage	darnell	date	decreasing	deep	defence	degeneration	degrade	degraded	degradiation	degrading	delving	details	develop	difficulties	disbelieve	disease	diseases	disorders	dna	domains	dominion	duplications	earliest	early	easily	efficient	eg	endeavors	energy	engineer	entropic	environment	enzymatic	errors	estimate	estimates	et	events	evolutionary	evolutionism	evolve	evolved	excuse	exon	exons	expect	expecting	explanation	fail	fails	fascinating	fault	favour	feat	fetched	fight	figure	fine	finland	finou	fixed	flaw	forces	forget	formed	fossils	freeman	fulfil	full	galahad	game	gamma	gene	genes	genetic	genetically	genetics	getting	gritty	half	hawking	healthy	hear	hence	higher	highly	ills	imperfection	impressive	improve	inconceivable	increasing	inevitable	infection	inference	inserted	insertion	insist	instance	intended	interesting	intervene	intervention	intron	introns	invoke	jbrown	jesting	job	kem	kempmp	kind	knows	later	layers	learn	leave	leaves	leland	library	likewise	lodish	loss	maladies	manifests	mankind	mathematics	meant	mechanism	method	methods	mild	miserably	misread	molecular	moreover	motivated	move	mover	mrna	mutable	mutations	near	neither	newborns	nitty	nor	occur	offset	oh	opposite	organic	origin	originally	origination	oulu	parasites	path	pathogens	perspective	perspectives	petri	philosophical	phoenix	physics	picture	pihatie	pihko	pl6	pmp	posed	possibility	powerful	present	presents	presumably	price	prime	primitive	principle	prior	processes	product	proposition	protect	protein	provided	pun	punished	purely	random	range	rays	reaction	realize	recent	recollection	recommend	references	regions	reject	rejecting	relevant	removal	removed	repeats	replace	replicate	replication	replicators	represented	require	required	responsible	revisited	sagely	saves	scientific	scott	scotty	selection	self	sequence	sequences	seriously	several	sf	shouldn	sign	signs	simpler	simulations	site	splicing	spontaneously	stanford	starters	starting	stromatolite	structure	subjects	subsequent	suffer	suggest	suggests	summary	supported	suppose	supposed	supposing	suppressed	supreme	survivability	survive	takes	target	targeting	tea	tend	tends	terminal	textbooks	thanks	theological	theology	theories	thermal	tierra	tin	tolerated	trace	transposition	unless	unused	usually	viral	viruses	vs	walk	watson	whereas	working
16453	1993apr15	223844	30	85	admit	afraid	already	astronomy	atlanta	award	biggist	bullshit	creation	creationism	debunks	dept	dg	enjoy	error	exclude	extent	fu	golden	grand	guaranteed	hear	hereby	higher	houston	large	macroevolution	merely	mixture	nobody	observing	origins	percent	peter	physics	pile	premise	pww	rambo	rawlins	saw	shall	shovel	space	spacsun	truly	tx	tzu	ung	walker	whils	within	wonder	wpr	yu
155002jsn104	18	93106	93108	admins	authority	believing	bitnet	blashephemers	braunschweig	convenient	damnation	email	hell	jeremy	jsn104	letters	newell	node	noonan	operator	p_rfowles	p_wverity	postmast	prepared	psu	psuvm	readers	respectively	scott	shall	sys	sysadmin	tan102	technical	vmoper
chimps	dictating	groups	lloyd	undesired
35	ability	beings	biblical	big	catholic	choice	choices	choose	conscious	contradicted	contradicting	contradiction	coupled	create	determination	digital	discover	effect	eve	ex	execute	fable	fall	four	fundamental	fuss	genesis	hop	identically	independently	invent	jbrown	jws	lucifer	lucio	mankind	megabyte	mention	offered	opportunity	origin	paragraph	pointed	proxima	rationalisation	rcism	recall	representative	roman	salvation	self	showing	sin	speculation	stops	strikes	tab	telecommunications	tempter	theologian	theology	tightly	visit	za
44	absolute	actions	adversely	affect	assign	changes	changing	claiming	criterion	definitely	determine	difference	difficult	fine	goals	golden	gone	habit	happiness	harm	immoral	implemented	inherent	intent	interactive	introduced	knoweldge	letting	liberty	lloyd	map	mention	obvious	omniscience	omniscient	premise	premises	resolution	result	review	situation	somewhat	speaking	specific	survival	survive	telling	term	thread	type
14	1ql0ajinn2kj	b64635	broken	chimps	cleveland	dictating	groups	honor	ohio	promises	reserve	student	undesired	usa
11	15118	1993apr15	212943	allowed	applies	base	bnr	ca	calpoly	change	charge	dangerous	describing	elee	encompassed	fasad	full	happen	hate	heart	hearts	hertz	jmunch	lives	love	luis	munch	obispo	polytechnic	rashid	ruling	san	shatim	situation	umbrella
40	48	american	amount	ancients	argued	assuming	believer	birth	blue	bluejeans	brothers	choose	closed	coherency	college	cynics	dating	depends	discounted	dismiss	eg	extra	extradinary	extraordinary	foundation	gospel	hence	intercourse	interpret	jeans	length	lous	marv	metaphysical	named	pair	period	powers	pray	relationship	require	respects	resurection	risen	second	sexual	sic	site	sod	son	sound	speaker	special	strife	superhuman	third	tove	virgin	wasn	willing	yep
49	abstinence	ancient	animal	anybody	cochran	code	conduct	countless	destructive	developed	dies	difficult	distinction	dominate	du	earlier	effectively	ensure	ethical	ethics	examples	figurative	foot	function	groups	herds	highlighted	homosexuality	horses	huh	impregnate	justified	kcochran	killed	kingdom	lack	lives	lloyd	mates	mating	mimic	monagamous	morals	needs	neutral	noted	nyx	pointing	practices	propogate	propogation	reexamined	relationship	serves	shoot	specifically	stallion	success	survive	systems	tautology	thrive	wait	ways	wild	worst
28	3553	408	428	arbitrarily	bissell	centigram	communications	considering	constructing	corp	critical	dan	disobeying	disprove	drivel	eliminated	especially	faqs	flaming	hausmann	home	ignore	instructions	jose	keywords	kids	learning	leaves	lord	lunatic	maddi	madhaus	misdirected	mistaken	misunderstood	netcom	open	peril	possibilities	posted	professionally	putting	rhetoric	righteous	san	top	trilemma
1993apr19	26	27550	abuse	activities	addition	alink	anybody	believers	bother	bureau	cheers	clearly	condition	cookamunga	davidians	deamon	descartes	doctrines	ends	freely	half	husseins	khomeinis	ksand	lies	looks	measurement	misuse	misused	monu6	movement	otherwise	points	pr	private	reasoning	reminds	shows	sore	spin	stalins	together	tool	tools	tourist	trust	truths	whispering
200	65974	70s	80s	93	accepted	account	admittedly	age	ages	antiquated	appear	association	assumed	assuming	assumption	attributions	authors	base	basically	believers	big	braunschweig	break	canonized	card	ce	century	clearly	close	codified	compare	complete	connected	content	counterargument	date	dated	dating	diciple	diciples	directly	disciple	discovered	earlier	early	edited	editing	elaborate	elaborated	elder	ending	entirely	estimates	events	explanation	felder	figure	fine	follows	generally	generation	genuine	gets	goes	gospel	hopeless	id	illiterate	incompleteness	info	interesting	james	knew	language	late	later	latter	learned	letter	lifetimes	lost	luke	manuscripts	material	mess	midsentence	mimsy	missing	obvious	oid	older	oldest	overwhelming	paul	peter	posit	possibly	putting	quotes	range	receiver	redating	relies	removed	reports	represent	respective	sender	shed	shortest	societies	solution	source	sources	spans	speak	step	stories	style	supposed	synopsys	technical	texts	theology	together	traditional	transformation	unfortunately	usual	usually	verse	versions	within
115565	1qi3l5	25	asd	bank	bcci	beaverton	blew	blinding	bob	bronx	childish	community	content	depositors	elsewhere	fido	flesh	full	gosh	grandeur	grow	jkj	manhattan	miss	precious	propagandist	queens	refutation	ripped	sank	sea	small	stay	tektronix	virtue
119	accepted	accuse	across	agency	ah	alleged	already	amusing	approach	assuming	att	attempt	authority	basic	basing	believed	believing	biblical	biblically	bil	bzzt	c5pxqs	came	cases	cb	cbnewsj	clearly	comes	comforatble	completely	concept	condemnation	confuse	conner	consequences	contradict	control	controversy	creator	credible	criterions	currently	darkside	dean	decay	deliberately	deny	difficult	dionetics	direct	directly	discussing	divine	divinity	doctrines	eminence	eminently	especially	eurocentric	except	excuse	exert	exerting	existance	fiction	force	forces	fundamental	generally	generation	getting	gravity	hasn	heard	hold	holding	humanity	ignorance	ignore	ignoring	inevitable	influence	instance	instinctively	interested	interpretations	intrinsic	justice	justified	kaflowitz	knows	launch	legend	legendary	letting	literate	lm5	looking	meet	meeting	merit	missed	myth	mythology	myths	na	newell	notion	obvious	ones	oriental	outside	oxymoronic	penn	philosophers	philosophic	pop	possibly	pretend	procede	proof	proposition	psu	psuvm	punish	qualify	rationally	reasonableness	reasonably	referencing	refuted	repeat	requirements	sake	salvation	second	secondly	series	short	sinned	stop	stories	story	suggestion	sum	supermarket	tabloids	tan102	tells	tendancy	terribly	traditional	truly	trust	trusting	truths	uncritically	undeniable	universally	unknown	uoknor	usually	views	wants	webster	whose	wide	wishful	wonder	writers	writing	xtian	xtianity
blame	burden	cage	guilt	mauled	rape	rapist	solely	surely	thrown	tiger
17	2000	5s2	930419	accuracy	activities	alink	bureau	cheers	cookamunga	ksand	lang	lisp	lpzsml	nil	nott	polarity	private	refer	rusnews	scientific	states	steve	tourist	unicorn	w165w
14	40	account	ago	arguing	ass	becomes	changes	cutoff	default	exact	interpreted	larger	makeup	notion	offensive	pompous	population	portion	specifically	stay	surely
1575	1993apr15	26	734879106	_pink_unicorns_	_the_users_guide_to_invisible_	_the_wholly_babble	agency	babble	begs	believing	circular	correlated	delta	essentially	gift	granted	invisible	leads	liu	nimaster	obedience	obedient	obey	obeying	originator	phoenix	pink	princeton	qpliu	reasoning	standard	unicorns	whom	wondering
41	734797558	activity	assumptions	assuptions	behaving	bertil	c5iwxm	ccl	centre	chalmers	code	common	communal	community	computing	conflict	consequence	coordinate	d9bertil	democracy	demolish	deviation	deviations	din	disbelief	dogmas	doubtlessly	dtek	forma	g0z	gaza	government	ideas	idols	individual	individually	inscribe	insist	interpreted	jonell	kutluk	latter	level	looking	macro	manchester	marxist	minute	mosque	mushriq	mushriqin	needs	ours	ozguven	parlamentarian	personal	polytheists	progress	protocols	quran	quranic	reasoning	reject	represent	roughly	se	settlers	sometimes	standard	suppositions	tells	term	took	umist	uses	weaker
14	16094	191100	1993apr10	_defined_	a137490	aario	atheistic	atom	atoms	bigoting	centre	circular	comprised	computing	conveniently	disclaimer	eros	explode	happen	including	insults	lehtori	measure	mention	minds	outer	plan	sami	sfnet	snm6394	space	stupid	sunlight	tampere	theist	totally	tut	unintentional
23	adultress	blamed	bought	carnegie	cents	chris	comes	considering	electrical	engineering	fault	finds	folly	gets	getting	greatest	hot	ignore	joe	joseph	knocked	leger	mankind	married	mary	mellon	minted	occurred	ol	pa	patrick	pittsburgh	pl1u	po5	poor	pregnant	recently	ridiculous	shit	solely	somebody	son	sophomore	story	tells	today	turn
033446	071823	10669	13253	1993apr3	1pj2b6	36	aaa	acceptable	accusation	accused	accusing	active	asd	behaved	bmerh85	bmers30	bnr	ca	came	casual	casually	close	completely	country	damn	deleted	dgraham	douglas	er	explicity	exterminate	fellow	fido	fine	formally	gone	graham	grant	guy	hide	ken	nazi	nazis	nowhere	ordinary	party	perfectly	poster	previous	previously	rant	replied	semitism	sounds	street	survive	sympathizing	tacit	thousand	trashed	unfortunately
benefits	coca	cocaine	combat	dace	dependent	fields	lloyd	military	paying	purposes	roy	shrike	situation	soldiers	und	za
acknowledge	activities	agency	alink	barns	believing	bil	bureau	c5pxqs	cases	cheers	conner	consequences	cookamunga	dancing	darkside	direct	early	elves	excercise	feeling	grand	gravity	ignore	inevitable	ksand	lm5	mornings	mother	na	outside	practice	preferred	prefers	private	provided	told	tourist	uoknor
14	14962	16ba7f16c	174537	1993apr05	absolutely	biblical	braunschweig	carefully	jew	messianic	mistake	rape	respond	rob	strom	technical	watson
57	adobe	already	anymore	anyways	arguing	assertion	associate	associated	association	believes	christmas	concern	countries	country	degree	discriminate	discussing	distinguishes	dominant	figure	gather	government	hear	high	holiday	importantly	infringes	infringing	ks	level	lives	lloyd	looking	major	majority	michael	mmwang	mw	numbers	otherwise	personal	personally	points	prominent	proud	realize	recognize	rights	rigorous	seeking	share	shared	spending	supposed	takes	talks	teachings	thinks	wang
bcash	bnr	brian	cash	charles	crchh410	lord	lunatic	manson	next	nodomain	nosubdomain	sign	sold
1993apr4	20517	_naive_	_wants_	access	account	achieve	adequately	affirmation	ago	aisha	allowed	anne	areas	argued	artificial	aspirations	aspire	attempt	australia	bearer	become	biologically	blanket	blatant	brainsex	businesswoman	caste	catholic	celibate	child	church	clergy	clinton	coat	comes	completely	convinced	copy	culprit	cultural	degree	denied	deny	denying	descends	despite	determined	died	differences	disappeared	discrimination	discussing	dispute	due	earlier	early	email	entitled	equal	equivalent	escape	examined	exasperating	exceptional	existed	experiment	extent	facilities	factors	fallacious	father	female	forcing	forgot	function	future	gives	grants	grounds	happens	heading	hijra	hillary	historically	hold	holds	ignorance	improvement	inferiorities	instance	intrinsically	istitutionalised	jessel	job	journey	judaism	khomeini	lack	leader	leave	legally	lucio	male	males	marriage	maternity	mecca	medical	medina	melb	military	moir	needs	nevertheless	obstacles	obvious	offered	official	okay	opportunities	opportunity	oppressing	oppression	ought	overview	path	permitting	physical	physically	physiologically	population	portion	pregnancy	pregnant	present	priesthood	priestly	privilege	procreate	proxima	psychologically	racialism	rationality	recent	recently	recognized	recommend	referenced	reflects	reposted	required	research	rhodam	rights	role	roman	scholar	scholars	scientific	self	served	sexism	sexist	sexual	site	soc	stage	subjugated	subtle	successful	suggest	supports	sweetly	taken	takes	taking	temporarily	thoroughly	title	topic	treat	treats	tries	unjust	usually	viewpoint	water	ways	weeks	whatsoever	widow	wife	within	woman	womb	wrapped	wrath	za
000	124221	150	1993apr12	22592	39	50	60	_____	ahmed	allowed	amount	approached	attracted	bank	beauty	bought	bradford	bunnies	bunny	business	buy	buying	cadence	cases	cash	common	community	debt	design	disaster	everywhere	evident	father	fluffy	fortunate	friends	goodwill	greedy	help	helped	helping	houses	identity	interest	intrest	iran	ithat	khan	knew	lenders	leonard	loan	loans	mail	marriage	mas	masud	minimise	newnham	nice	obvious	oh	pay	paying	places	positions	pounds	price	raised	recently	recipe	relatives	rely	save	sight	slavery	smiling	sounds	succeeded	systems	turn	unselfishness	wake
1483	154316	19778	1993apr9	48	734243128	_never_	a137490	aario	absolutely	ago	agreeable	ahead	although	atom	atoms	box	centre	circumstancial	closed	comes	comprised	computing	contradictory	daenicken	deceit	decietful	disclaimer	earthers	eros	existance	explode	falsehood	fellow	file	fit	flat	gives	green	guilty	hasn	ignore	include	inside	interesting	irrelevent	keeping	knowingly	lehtori	lie	love	marble	marbles	measure	minds	myths	nor	outer	page	plan	play	proof	proved	questionable	quotes	regarded	round	sami	self	sfnet	sig	snm6394	space	stating	stuff	stupid	sunlight	tampere	tut	unless	unproven	von	wildest	wish
071823	13253	1993apr3	1pqdor	2000	40	9s2	acceptable	active	advice	agreed	arromdee	articles	asd	assumption	behaved	bell	bmerh85	bmers30	bnr	ca	came	canada	casual	casually	charge	criticism	dgraham	differently	doug	douglas	exhibiting	fido	flip	formally	gets	gone	graham	hide	homework	ignored	instead	israel	ken	khan	legitimate	license	masud	mr	nazi	nazis	northern	nowhere	offensive	ordinary	originally	ottawa	outta	palestinians	party	perfectly	poetic	poster	previously	relevant	replied	research	retrospect	saw	semitism	sentence	sightseeing	somewhere	speech	stifle	street	tacit	thousand	thread	throughout	thrown	trashed	understandable	unnecessary
59	90	90650	___	_is_	accor	acooper	afraid	allow	alternative	apatheists	appeal	apply	assign	assumptions	atheistic	atkins	bears	believes	born	change	chemistry	church	constant	cop	core	cosmic	coupled	criterion	cut	deep	disputed	disturb	drawn	dream	eagerly	evolved	exposition	expresses	face	fall	fellow	finland	finou	game	gate	higher	idle	ie	impossible	inherent	intrinsically	kem	kempmp	large	leap	lifestyle	listen	lutheran	mac	macalstr	majority	mathematics	measuring	members	minority	motivation	nevertheless	notice	open	oulu	pascal	periphery	petri	phoenix	physics	pihatie	pihko	pl6	pmp	poison	poor	population	pretend	prey	promise	proposed	qualitatively	reads	reasoning	regularly	resemblance	revelation	scrutiny	seek	selfish	selfishness	sf	small	smile	somewhere	speculate	spirit	stance	stick	structuralists	surprising	swallow	theistic	threats	ties	tin	torture	typical	unconsciously	unnecessary	usefulness	usually	valued	virtual	wager	wonder	works
000	10	11	1500s	1947	1971	30	9051467f	9454	________	alice	america	area	australia	bala	bangladesh	bb	beautiful	bombay	brat	brazilian	catholics	chains	chance	civil	communist	crusades	cured	darwin	desert	discharged	disclaimer	disease	dsinc	elc	eltnc	eng	fight	goings	hates	imagine	india	inferior	inquistions	introduced	iodia	iran	iraq	killings	levels	mail	massacares	massacre	mcvey	mechanisms	million	naren	oher	pakistan	pen	produce	protestants	purges	races	rainbow	recent	refractive	replies	riots	smack	socialism	sp	sudan	tekig1	tekig7	tribes	uni	unisa	various	victims	wh	whjjm	whyalla	wwii
114127	14	24	49	93	_must_	abo	andtbacka	anecdote	arabia	assuming	attack	attempting	basic	born	chop	chopping	contradicts	convince	deletia	deletions	direct	disclaimer	explicitly	finabo	fitting	hands	highly	insane	mandtbacka	mats	message	mohammad	odds	petty	phenomenon	postings	principle	principles	psychology	reader	reject	requirement	sarcasm	saudi	somewhere	succeeded	testify	theft	uninc	unorganized	usenet	vms	young
21	65934	ann	brothers	burke	changed	closed	comparison	copies	corrupted	current	hebrew	james	jdb1145	lous	manner	marv	mate	millennia	miller	mimsy	nanci	pains	pray	satanic	shouldn	shows	sod	space	strife	summa	suprising	tamu	tamvm1	texas	tove	translations	versions
1993apr3	1pi0dhinn8ub	1pq6skinnhi4	221101	25314	28	accuse	accusing	al	axes	background	bigot	bigotry	bigots	boy	characteristics	comfortable	concede	conclude	decision	determine	discriminatory	diversity	dsi	dsinc	entertain	entertaining	et	ethnic	examining	exclude	expected	exposure	fee	funds	happen	happens	imagine	inconsequential	indicates	instance	ironic	irrational	lack	matching	matthews	midway	motss	nc	nominal	organizations	orientation	originated	pending	prejudice	princeton	race	rec	resorting	scouting	scouts	sexual	shou	slopped	soc	somewhat	spend	teach	thread	tolerance	uchicago	understood	usa	venom	vituperation	whomever	wonderful	yours	yourself
11825	11836	310	3rd	51	alexia	besides	billion	blew	bob	bronx	c5l1ey	champaign	choices	class	clinton	continues	couldn	cso	cuts	debate	deficits	definitely	dollar	earnestly	fall	ignorance	illinois	jts	leaves	lis	love	mac	manhattan	michael	middle	mike	mistake	motivations	myself	pay	presumptuous	pride	proclaiming	programs	psychological	queens	raise	reasoning	sank	sea	searched	side	soul	speaks	spending	stay	supposedly	taxes	trap	undying	unless	urbana	volumes	wish	won
47j	ad	add	adding	american	association	babcock	c4rzz2	cartoon	choice	dan	danb	deleted	emphases	enjoyment	family	fiu	florida	funny	gene	international	kilman	kilman2y	local	miami	mine	newspaper	parts	placed	portal	section	shell	sunday	typos	unix	usatoday	yevgeny
115437	19	1984	actively	activities	alink	anarchist	anecdote	bureau	change	checking	cheers	citizen	citizens	conform	control	cookamunga	country	curse	eh	everywhere	finnish	government	inimitable	interesting	ksand	nor	notion	parallel	private	public	residing	scared	shades	stated	thread	tourist	usa	violation	within
000	10	11	14	1993apr14	23	2943656910	2943927496	49	52	6059	_democracy_	aceh	annexed	appears	armed	asserting	assertion	attribute	australia	behind	benny	borrowing	brutally	catholic	causes	coincidental	colony	d012s658	date	dealt	democracies	democracy	democratic	died	driving	dwyer	force	forces	forcibly	former	fought	government	handed	happen	harshly	head	heard	heavy	independently	indonesia	indonesian	indonesians	influence	interests	ireland	knowles	massacres	melb	monu6	motivated	motivates	motivation	movement	movements	mr	murdani	national	northern	occur	odd	ones	p00261	past	pointed	pointing	portguese	portuguese	psilink	purely	recall	result	secession	secessionist	territory	timor	timorese	uucp	vote	worlds
